category,keyword,pc_monthly_search,mobile_monthly_search,total_monthly_search,competition
기타,ADIXEN,20,20,40,높음
기타,AIRCOM,< 10,10,15,높음
기타,AIRSET,10,< 10,15,높음
기타,ALCATEL,20,10,30,높음
기타,ALLFLO,< 10,< 10,10,높음
기타,APCVALVE,10,< 10,15,높음
수리/정비,ASM142,< 10,< 10,10,낮음
수리/정비,ASM310,< 10,10,15,중간
수리/정비,ASM340,20,10,30,낮음
수리/정비,ASM380,< 10,< 10,10,중간
수리/정비,ASM390,< 10,< 10,10,중간
수리/정비,ASML,11,000,40,800,51800,중간
기타,BECKER,90,160,250,높음
기타,BESTECH,20,10,30,중간
진공펌프 일반,BOOSTERPUMP,10,10,20,높음
기타,BUSCH,70,120,190,높음
진공펌프 일반,BUSCHPUMP,< 10,< 10,10,높음
진공펌프 일반,BUSCH진공펌프,< 10,10,15,높음
기타,CAPACITANCEMANOMETER,< 10,< 10,10,낮음
수리/정비,CFGASKET,< 10,< 10,10,낮음
진공펌프 일반,CLEANVACUUM,< 10,< 10,10,높음
기타,CONVECTIONGAUGE,< 10,< 10,10,높음
기타,CRF,430,740,1170,중간
기타,CRYOCOOLER,10,< 10,15,높음
기타,CRYOGENICVALVE,20,< 10,25,낮음
진공펌프 일반,CRYOPUMP,40,20,60,높음
기타,CVE,210,180,390,높음
진공펌프 일반,DCPUMP,< 10,< 10,10,높음
기타,DEBEM,< 10,< 10,10,낮음
기타,DETER,690,2,690,3380,중간
진공펌프 일반,DIFFUSIONPUMP,10,< 10,15,높음
기타,DISPENSOR,90,70,160,낮음
기타,DOOVAC,< 10,< 10,10,중간
기타,DOP,190,490,680,중간
진공펌프 일반,DRYPUMP,20,10,30,높음
진공펌프 일반,DRYSCREWVACUUMPUMP,< 10,< 10,10,낮음
진공펌프 일반,DRYVACUUMPUMP,< 10,< 10,10,높음
기타,DVP,80,190,270,중간
기타,E2M18,< 10,< 10,10,중간
기타,E2M275,< 10,< 10,10,낮음
기타,E2M28,< 10,< 10,10,높음
기타,E2M40,< 10,< 10,10,높음
기타,E2M80,< 10,< 10,10,높음
기타,EBARA,100,150,250,높음
진공펌프 일반,EBARAPUMP,10,10,20,높음
진공펌프 일반,EBARA펌프,10,< 10,15,높음
브랜드명,EDWARD,120,260,380,낮음
브랜드명,EDWARDKOREA,< 10,< 10,10,높음
브랜드명,EDWARDS,70,110,180,높음
브랜드명,EDWARDSPUMP,< 10,< 10,10,높음
브랜드명,EDWARDS진공펌프,< 10,< 10,10,높음
기타,ESA,220,480,700,높음
기타,EVMS,130,100,230,높음
주변기기/부품,FCU복합밸브,20,10,30,중간
진공펌프 일반,FLUXPUMP,< 10,< 10,10,높음
진공펌프 일반,FRP펌프,20,10,30,높음
기타,GATEVALVE,140,40,180,높음
기타,GCD,90,270,360,높음
기타,GMC1200,< 10,< 10,10,높음
기타,GMT,1,360,2,260,3620,높음
기타,GRP-180,< 10,< 10,10,중간
기타,GUNT,< 10,20,25,낮음
기타,HALLEFFECT,40,30,70,높음
기타,HELIUMLEAKDETECTOR,10,< 10,15,낮음
기타,HIPACE80,< 10,< 10,10,낮음
기타,HITACHI,350,620,970,높음
기타,HUMIDITY,710,2,070,2780,높음
기타,IH1000,< 10,10,15,높음
기타,IH1800,< 10,< 10,10,중간
기타,IH600,10,10,20,높음
기타,IKEUCHI,20,< 10,25,높음
기타,IONGAUGE,< 10,< 10,10,높음
기타,IXH1820,< 10,< 10,10,낮음
기타,IXL,280,820,1100,중간
수리/정비,KASHIYAMAPUMP,< 10,< 10,10,낮음
기타,KHA,120,280,400,낮음
기타,KINNEY,< 10,20,25,낮음
기타,KODIVAC,20,< 10,25,높음
기타,KULICKE&SOFFA,10,10,20,중간
기타,KVC,140,170,310,낮음
기타,L2스위치,310,160,470,중간
기타,L3스위치,230,130,360,높음
기타,LEYBOLD,60,30,90,높음
진공펌프 일반,LIQUIDRINGPUMP,< 10,< 10,10,중간
기타,LN2탱크,20,< 10,25,높음
기타,MDC,140,460,600,높음
진공펌프 일반,MICRODIAPHRAGMPUMP,< 10,< 10,10,낮음
기타,MKSBARATRON,< 10,< 10,10,높음
기타,MORESCO,10,< 10,15,높음
기타,MR-100,50,20,70,높음
기타,MR200,50,80,130,높음
기타,MR-200,100,30,130,높음
기타,MVP12,20,20,40,중간
기타,MVP24,< 10,< 10,10,높음
기타,MVP36,10,10,20,높음
기타,MVP6,< 10,< 10,10,중간
기타,MVP60,20,30,50,중간
기타,MVP90,10,< 10,15,높음
기타,NH-250PS,< 10,< 10,10,높음
기타,NONRETURNVALVE,10,10,20,높음
기타,NSE,160,170,330,중간
기타,NXDS10I,< 10,< 10,10,중간
오일/소모품,OILMISTSEPARATOR,< 10,< 10,10,중간
기타,OPKON,< 10,< 10,10,높음
기타,ORIONKOREA,< 10,< 10,10,높음
진공펌프 일반,PANWORLDPUMP,< 10,< 10,10,높음
기타,PENNINGGAUGE,< 10,< 10,10,중간
기타,PFEIFFER,70,170,240,높음
진공펌프 일반,PFEIFFERVACUUM,50,30,80,높음
기타,PIRANI,10,10,20,중간
기타,PIRANIGAUGE,20,< 10,25,높음
기타,PKR251,< 10,< 10,10,높음
기타,POE스위치,430,320,750,중간
진공펌프 일반,PP펌프,< 10,< 10,10,높음
진공펌프 일반,PUMP,450,1,560,2010,중간
진공펌프 일반,ROTARYPUMP,20,< 10,25,높음
기타,RV8,< 10,10,15,높음
진공펌프 일반,SANWAPUMP,< 10,< 10,10,중간
기타,SHIMADZU,190,160,350,높음
기타,SITEC,10,10,20,중간
기타,SLPS-150B,< 10,< 10,10,중간
기타,SLPS-220B,< 10,< 10,10,중간
기타,SLPS-370B,< 10,< 10,10,중간
기타,SLPS-37B,< 10,< 10,10,높음
기타,SLPS-75E,< 10,< 10,10,중간
기타,SOLBERG,< 10,< 10,10,중간
진공펌프 일반,SPECKPUMP,10,10,20,중간
기타,SPUTTER,210,400,610,높음
기타,TC750,< 10,< 10,10,높음
기타,THROTTLEVALVE,60,10,70,높음
기타,THYRACONT,< 10,< 10,10,낮음
기타,TMP,280,480,760,높음
기타,TOPCON,100,80,180,높음
기타,TORR,210,430,640,높음
기타,TRACO,30,50,80,높음
진공펌프 일반,TURBOPUMP,< 10,< 10,10,높음
기타,ULVAC,260,320,580,높음
진공펌프 일반,VACCUMPUMP,40,20,60,높음
진공펌프 일반,VACUUM,2,490,6,240,8730,높음
진공펌프 일반,VACUUMGAUGE,50,< 10,55,높음
진공펌프 일반,VACUUMPUMP,110,40,150,높음
진공펌프 일반,VACUUMSENSOR,< 10,< 10,10,낮음
진공펌프 일반,VACUUMVALVE,< 10,< 10,10,높음
진공펌프 일반,VANEPUMP,30,10,40,높음
기타,W2V20,110,50,160,높음
기타,W2V40,20,10,30,중간
기타,W2V60,< 10,< 10,10,높음
기타,W2V80,10,< 10,15,높음
진공펌프 일반,WATERRINGVACUUMPUMP,< 10,< 10,10,높음
기타,WINDTUNNEL,10,20,30,높음
기타,WOF150,< 10,< 10,10,높음
기타,WOF-250,10,< 10,15,중간
기타,WONVAC,10,10,20,중간
기타,WOVP-0200,< 10,< 10,10,중간
진공펌프 일반,WSA진공펌프,20,< 10,25,높음
진공펌프 일반,WSA펌프,10,< 10,15,높음
기타,가스질화,< 10,< 10,10,낮음
진공펌프 일반,건식진공펌프,40,20,60,높음
진공펌프 일반,건식펌프,< 10,10,15,높음
기타,건조오븐,10,10,20,높음
주변기기/부품,게이지,1,120,1,700,2820,높음
주변기기/부품,고진공게이지,20,< 10,25,높음
진공펌프 일반,고진공펌프,10,10,20,높음
진공펌프 일반,공기펌프,90,310,400,중간
산업/장비,교육장비,160,< 10,165,높음
진공펌프 일반,국산진공펌프,< 10,< 10,10,높음
기타,극저온,20,30,50,낮음
주변기기/부품,극저온배관,< 10,< 10,10,낮음
진공펌프 일반,극저온펌프,< 10,< 10,10,낮음
응용분야,금속열처리,40,30,70,높음
구매/견적,기계중고,< 10,10,15,높음
기타,기체역학,30,160,190,낮음
진공펌프 일반,꿀이송펌프,< 10,20,25,높음
진공펌프 일반,내산펌프,60,40,100,높음
기타,냉매차징기,< 10,< 10,10,높음
산업/장비,네트워크장비,80,80,160,높음
펌프종류,다이아프램진공펌프,20,< 10,25,높음
진공펌프 일반,다이어프램진공펌프,< 10,< 10,10,높음
진공펌프 일반,대전진공펌프,< 10,< 10,10,높음
진공펌프 일반,대형진공펌프,< 10,< 10,10,높음
진공펌프 일반,동방진공,< 10,< 10,10,중간
진공펌프 일반,동방진공펌프,< 10,< 10,10,중간
진공펌프 일반,동방펌프,10,< 10,15,중간
진공펌프 일반,두백진공,10,< 10,15,중간
진공펌프 일반,두백진공펌프,< 10,< 10,10,높음
펌프종류,드라이진공펌프,10,< 10,15,높음
펌프종류,드라이펌프,30,20,50,높음
기타,라이볼트,30,30,60,중간
기타,레이볼드,30,10,40,중간
진공펌프 일반,레이볼드펌프,< 10,< 10,10,높음
펌프종류,로타리진공펌프,< 10,< 10,10,높음
펌프종류,로타리펌프,90,110,200,높음
펌프종류,로터리베인진공펌프,< 10,10,15,높음
진공펌프 일반,로터리진공펌프,< 10,10,15,높음
진공펌프 일반,로터리펌프,150,130,280,높음
펌프종류,루츠펌프,10,< 10,15,중간
기타,리크테스트기,60,30,90,높음
기타,멀티전력량계,< 10,< 10,10,낮음
기타,메탄올감지기,< 10,< 10,10,높음
오일/소모품,무오일진공펌프,< 10,< 10,10,높음
진공펌프 일반,미니물펌프,10,40,50,높음
응용분야,반도체8대공정,1,220,1,690,2910,중간
응용분야,반도체공부,60,110,170,중간
응용분야,반도체공정기술교육,< 10,< 10,10,높음
응용분야,반도체과,70,410,480,중간
응용분야,반도체교육,450,470,920,높음
응용분야,반도체기술교육,< 10,< 10,10,높음
응용분야,반도체부트캠프,110,210,320,중간
응용분야,반도체설비보전기능사,330,790,1120,높음
응용분야,반도체실무교육,10,< 10,15,높음
응용분야,반도체외부교육,< 10,< 10,10,높음
응용분야,반도체장비교육,20,40,60,높음
응용분야,반도체장비실습,< 10,10,15,높음
응용분야,반도체장비업체,70,160,230,높음
응용분야,반도체장비중고,< 10,< 10,10,높음
응용분야,반도체중고장비,20,40,60,높음
응용분야,반도체진공배관,< 10,< 10,10,높음
응용분야,반도체진공펌프,30,20,50,높음
응용분야,반도체펌프,10,10,20,높음
응용분야,반도체회사,1,130,2,810,3940,높음
응용분야,반도체후공정,540,1,280,1820,높음
응용분야,반도체후공정장비,10,60,70,높음
진공펌프 일반,밸류진공펌프,60,250,310,높음
진공펌프 일반,밸류펌프,< 10,< 10,10,높음
진공펌프 일반,버큠,240,480,720,높음
진공펌프 일반,버티칼펌프,10,10,20,높음
기타,베르누이의법칙,630,2,830,3460,높음
진공펌프 일반,베스텍진공펌프,< 10,< 10,10,높음
진공펌프 일반,베스텍펌프,< 10,< 10,10,중간
펌프종류,베인펌프,120,230,350,높음
진공펌프 일반,베커진공펌프,< 10,10,15,높음
주변기기/부품,베큠게이지,< 10,< 10,10,높음
진공펌프 일반,베큠오븐,< 10,< 10,10,높음
진공펌프 일반,베큠챔버,< 10,< 10,10,높음
진공펌프 일반,베큠펌프,40,30,70,높음
진공펌프 일반,벡스코펌프,< 10,< 10,10,중간
진공펌프 일반,부산진공펌프,< 10,< 10,10,높음
진공펌프 일반,부쉬진공펌프,10,20,30,중간
진공펌프 일반,부쉬펌프,10,10,20,중간
펌프종류,부스터진공펌프,< 10,< 10,10,높음
진공펌프 일반,분체이송펌프,< 10,< 10,10,높음
수리/정비,브로워수리,< 10,< 10,10,높음
진공펌프 일반,블랙다이아몬드진공펌프,< 10,20,25,높음
주변기기/부품,비센서,< 10,< 10,10,높음
기타,비틀림진자,10,10,20,중간
기타,산업용스위치,150,150,300,높음
진공펌프 일반,산업용진공펌프,10,20,30,높음
진공펌프 일반,산와펌프,< 10,< 10,10,중간
진공펌프 일반,석션펌프,40,40,80,높음
브랜드명,성원에드워드,10,20,30,중간
기타,센터링,200,470,670,낮음
진공펌프 일반,소형공기펌프,< 10,10,15,높음
펌프종류,소형다이아프램펌프,< 10,< 10,10,높음
진공펌프 일반,소형진공펌프,80,100,180,높음
기타,솔라시스템,150,230,380,높음
기타,솔버그,< 10,< 10,10,낮음
펌프종류,수봉식진공펌프,120,50,170,높음
펌프종류,수봉식진공펌프원리,< 10,< 10,10,높음
펌프종류,수봉식펌프,20,10,30,높음
진공펌프 일반,수소펌프,< 10,< 10,10,낮음
진공펌프 일반,수중볼텍스펌프,10,< 10,15,높음
진공펌프 일반,스컴펌프,20,20,40,높음
진공펌프 일반,스크러버펌프,< 10,< 10,10,높음
펌프종류,스크류진공펌프,< 10,< 10,10,높음
기타,스털링냉동기,< 10,< 10,10,중간
응용분야,스텐레스열처리,< 10,< 10,10,높음
진공펌프 일반,습식진공펌프,10,< 10,15,높음
진공펌프 일반,식품이송펌프,< 10,10,15,높음
기타,신뢰성챔버,< 10,< 10,10,높음
기타,신재생에너지교육,20,10,30,높음
산업/장비,실습장비,< 10,< 10,10,높음
응용분야,실험실용진공펌프,< 10,< 10,10,높음
응용분야,실험실진공펌프,20,< 10,25,높음
응용분야,실험용오븐,20,10,30,높음
응용분야,실험용진공펌프,< 10,< 10,10,높음
기타,아네스트이와타,70,40,110,높음
기타,아딕센,10,10,20,높음
진공펌프 일반,아소마펌프,< 10,< 10,10,중간
기타,알마텍,< 10,< 10,10,낮음
기타,알박,300,440,740,중간
진공펌프 일반,알박진공펌프,< 10,< 10,10,높음
진공펌프 일반,알박펌프,< 10,< 10,10,높음
진공펌프 일반,알카텔진공펌프,< 10,< 10,10,높음
기타,알카텔코리아,10,< 10,15,높음
진공펌프 일반,압축펌프,40,130,170,높음
기타,애드워드코리아,120,260,380,높음
기타,액체질소냉각,< 10,< 10,10,낮음
기타,액체질소발생기,< 10,< 10,10,높음
주변기기/부품,액체질소호스,< 10,< 10,10,높음
진공펌프 일반,액체펌프,20,40,60,높음
기타,액화수소,190,330,520,높음
주변기기/부품,액화수소밸브,< 10,< 10,10,높음
기타,액화질소발생기,< 10,< 10,10,낮음
주변기기/부품,액화질소배관,< 10,< 10,10,높음
브랜드명,에드워드E2M펌프,< 10,< 10,10,낮음
브랜드명,에드워드RV펌프,< 10,< 10,10,낮음
브랜드명,에드워드드라이펌프,< 10,< 10,10,중간
브랜드명,에드워드진공펌프,30,30,60,높음
브랜드명,에드워드코리아,1,280,2,110,3390,낮음
브랜드명,에드워드펌프,70,60,130,높음
수리/정비,에드워드펌프수리,< 10,< 10,10,높음
수리/정비,에드워드펌프오버홀,< 10,< 10,10,낮음
진공펌프 일반,에바라진공펌프,< 10,< 10,10,높음
기타,에어배풍기,10,10,20,중간
기타,에어유니트,100,110,210,중간
진공펌프 일반,에어진공펌프,80,110,190,중간
진공펌프 일반,에어컨진공펌프,460,1,630,2090,중간
기타,에어플로우메타,< 10,< 10,10,중간
주변기기/부품,에틸렌센서,< 10,< 10,10,낮음
기타,엠케이에스,80,80,160,중간
응용분야,열처리업체,40,30,70,높음
기타,오공콤프,10,30,40,중간
펌프종류,오리온드라이어,10,< 10,15,높음
진공펌프 일반,오리온진공펌프,< 10,< 10,10,높음
진공펌프 일반,오리온펌프,< 10,< 10,10,높음
진공펌프 일반,오사카펌프,< 10,< 10,10,중간
오일/소모품,오일로타리펌프,< 10,< 10,10,중간
오일/소모품,오일로터리진공펌프,< 10,< 10,10,높음
오일/소모품,오일로터리펌프,10,< 10,15,높음
오일/소모품,오일리스진공펌프,10,10,20,높음
오일/소모품,오일리스펌프,< 10,< 10,10,높음
오일/소모품,오일미스트트랩,60,30,90,높음
오일/소모품,오일미스트필터,20,10,30,높음
오일/소모품,오일식진공펌프,10,< 10,15,높음
오일/소모품,오일진공펌프,20,20,40,높음
오일/소모품,오일프리진공펌프,10,< 10,15,높음
오일/소모품,오일필터,670,1,770,2440,중간
기타,올리콘,10,10,20,중간
기타,와이어본딩,90,130,220,높음
기타,와이어엔코더,40,< 10,45,높음
기타,우성오토마,80,30,110,중간
진공펌프 일반,우성오토마진공펌프,< 10,< 10,10,높음
진공펌프 일반,우성진공상사,10,< 10,15,높음
기타,울박,10,< 10,15,낮음
진공펌프 일반,워터링펌프,< 10,< 10,10,높음
진공펌프 일반,원창진공펌프,10,20,30,높음
진공펌프 일반,원창펌프,< 10,< 10,10,높음
기타,유닛쿨러,30,10,40,높음
응용분야,의료용진공펌프,< 10,< 10,10,높음
주변기기/부품,이온게이지,< 10,10,15,높음
기타,이와타컴프레셔,< 10,< 10,10,중간
기타,이와타콤프레셔,< 10,< 10,10,높음
주변기기/부품,이중배관,110,150,260,중간
주변기기/부품,이중진공배관,10,< 10,15,높음
주변기기/부품,이중파이프,< 10,10,15,높음
기타,이화정량,< 10,< 10,10,높음
진공펌프 일반,이화정량펌프,100,20,120,중간
주변기기/부품,인라인밸브,< 10,< 10,10,높음
진공펌프 일반,일진진공,< 10,< 10,10,높음
응용분야,자유낙하실험,60,90,150,높음
진공펌프 일반,자이로펌프,20,30,50,낮음
진공펌프 일반,자흡식펌프,240,270,510,높음
문제/증상,저소음진공펌프,< 10,< 10,10,높음
진공펌프 일반,저진공펌프,< 10,< 10,10,높음
기타,전공레귤레이터,120,120,240,중간
기타,전자교육,< 10,< 10,10,높음
진공펌프 일반,절삭유펌프,70,120,190,높음
진공펌프 일반,정우진공,10,10,20,높음
기타,제프란,40,40,80,중간
구매/견적,중고레이저컷팅기,< 10,< 10,10,높음
구매/견적,중고모터,120,340,460,높음
수리/정비,중고장비매입,20,10,30,높음
구매/견적,중고진공펌프,40,90,130,높음
구매/견적,중고칠러,30,60,90,높음
구매/견적,중고펌프,60,160,220,높음
수리/정비,중고펌프매입,< 10,10,15,높음
진공펌프 일반,진공,660,1,710,2370,높음
진공펌프 일반,진공건조,20,10,30,높음
주변기기/부품,진공게이지,370,500,870,높음
주변기기/부품,진공단열배관,10,< 10,15,높음
진공펌프 일반,진공도측정,< 10,< 10,10,높음
주변기기/부품,진공배관,70,40,110,높음
주변기기/부품,진공밸브,110,90,200,높음
펌프종류,진공부스터펌프,< 10,< 10,10,높음
진공펌프 일반,진공사,< 10,< 10,10,중간
주변기기/부품,진공센서,50,20,70,높음
진공펌프 일반,진공스위치,10,10,20,높음
진공펌프 일반,진공시스템,20,10,30,높음
주변기기/부품,진공앵글밸브,10,< 10,15,높음
응용분야,진공열처리,80,80,160,높음
오일/소모품,진공오일,80,80,160,중간
오일/소모품,진공오일펌프,< 10,< 10,10,높음
진공펌프 일반,진공자흡식펌프,< 10,< 10,10,높음
진공펌프 일반,진공장비,10,10,20,높음
진공펌프 일반,진공장치,< 10,10,15,중간
주변기기/부품,진공컨트롤러,< 10,< 10,10,높음
주변기기/부품,진공파이프,< 10,< 10,10,높음
진공펌프 일반,진공펌프,1,600,2,410,4010,높음
구매/견적,진공펌프가격,10,50,60,높음
진공펌프 일반,진공펌프구조,10,10,20,높음
진공펌프 일반,진공펌프대여,10,20,30,높음
진공펌프 일반,진공펌프도면,< 10,< 10,10,높음
진공펌프 일반,진공펌프모터,< 10,10,15,높음
진공펌프 일반,진공펌프부품,10,60,70,높음
수리/정비,진공펌프수리,100,140,240,높음
진공펌프 일반,진공펌프시스템,< 10,< 10,10,낮음
진공펌프 일반,진공펌프업체,< 10,< 10,10,높음
수리/정비,진공펌프오버홀,10,< 10,15,높음
오일/소모품,진공펌프오일,350,530,880,중간
오일/소모품,진공펌프오일교환,< 10,< 10,10,높음
오일/소모품,진공펌프오일필터,10,10,20,높음
진공펌프 일반,진공펌프용량계산,< 10,< 10,10,낮음
진공펌프 일반,진공펌프원리,30,40,70,높음
진공펌프 일반,진공펌프의원리,10,10,20,중간
진공펌프 일반,진공펌프종류,10,20,30,높음
구매/견적,진공펌프중고,10,20,30,높음
진공펌프 일반,진공펌프추천,< 10,10,15,높음
주변기기/부품,진공펌프필터,30,20,50,높음
진공펌프 일반,진공펌프회사,< 10,10,15,높음
주변기기/부품,진공필터,50,40,90,높음
응용분야,진공함침기,20,10,30,중간
주변기기/부품,진공호스,120,160,280,중간
기타,질소검출기,< 10,< 10,10,높음
기타,착정기,30,20,50,중간
진공펌프 일반,천안진공펌프,< 10,< 10,10,높음
진공펌프 일반,천호펌프,10,< 10,15,중간
진공펌프 일반,초고진공펌프,< 10,< 10,10,낮음
진공펌프 일반,초소형펌프,20,50,70,높음
주변기기/부품,초저온배관,< 10,< 10,10,높음
주변기기/부품,초저온밸브,20,20,40,높음
주변기기/부품,초저온진공배관,< 10,< 10,10,낮음
진공펌프 일반,초저온펌프,< 10,< 10,10,높음
기타,초전도체,1,650,6,100,7750,중간
진공펌프 일반,추기펌프,40,60,100,높음
응용분야,치과석션,40,120,160,높음
응용분야,치과용콤프레샤,< 10,10,15,높음
응용분야,치과컴프레셔,20,30,50,높음
기타,카시야마,30,60,90,낮음
진공펌프 일반,카시야마펌프,20,< 10,25,중간
주변기기/부품,컨벡션게이지,< 10,< 10,10,중간
기타,케이브이에스,< 10,< 10,10,중간
기타,코디박,110,70,180,중간
진공펌프 일반,코디박진공펌프,< 10,< 10,10,높음
펌프종류,크라이오H&I,40,70,110,중간
펌프종류,크라이오펌프,40,40,80,높음
기타,탈포통,< 10,< 10,10,중간
펌프종류,터보분자펌프,40,100,140,중간
펌프종류,터보펌프,20,30,50,높음
수리/정비,터보펌프수리,< 10,10,15,높음
진공펌프 일반,테프론펌프,20,< 10,25,높음
진공펌프 일반,토마스진공펌프,< 10,< 10,10,높음
진공펌프 일반,토마스펌프,10,< 10,15,중간
진공펌프 일반,트라코펌프,< 10,< 10,10,중간
진공펌프 일반,파이퍼베큠,220,150,370,높음
진공펌프 일반,파이퍼펌프,< 10,< 10,10,높음
기타,팩스톤브로워,< 10,< 10,10,중간
진공펌프 일반,팬월드펌프,10,< 10,15,중간
수리/정비,펌프매입,< 10,10,15,중간
수리/정비,펌프수리업체,30,30,60,높음
주변기기/부품,페닝게이지,< 10,< 10,10,중간
기타,평판프레스,40,50,90,높음
주변기기/부품,풋밸브,200,230,430,중간
응용분야,풍동실험,130,160,290,낮음
주변기기/부품,피라니게이지,60,70,130,높음
진공펌프 일반,피스톤진공펌프,< 10,< 10,10,높음
기타,한국머신,10,30,40,높음
기타,한국스미스,70,20,90,낮음
기타,한진에어텍,10,< 10,15,낮음
진공펌프 일반,한창진공펌프,10,< 10,15,중간
진공펌프 일반,한창펌프,< 10,< 10,10,중간
응용분야,함침,360,260,620,높음
응용분야,함침설비,< 10,< 10,10,높음
기타,헬륨건,10,20,30,높음
기타,헬륨누설검출기,< 10,< 10,10,높음
기타,헬륨리크검사,< 10,< 10,10,높음
기타,헬륨리크디텍터,30,10,40,높음
기타,헬륨리크테스터,< 10,< 10,10,낮음
기타,헬륨테스트,< 10,< 10,10,높음
산업/장비,헬륨회수장치,< 10,< 10,10,낮음
기타,현민지브이티,20,20,40,낮음
진공펌프 일반,화학용펌프,10,10,20,높음
진공펌프 일반,화학펌프,10,10,20,높음
진공펌프 일반,횡형다단펌프,40,20,60,높음
기타,후로트레벨스위치,< 10,< 10,10,높음
진공펌프 일반,휴갈펌프,< 10,< 10,10,높음
진공펌프 일반,흡입펌프,50,100,150,중간
오일/소모품,에드워드ULTRAGRADE오일,< 10,< 10,10,낮음
오일/소모품,에드워드오일교환,< 10,< 10,10,낮음
진공펌프 일반,진공펌프AS,< 10,< 10,10,높음
수리/정비,진공펌프정비,< 10,< 10,10,높음
기타,NW25,90,50,140,높음
기타,식품용윤활제,40,30,70,높음
오일/소모품,식품용오일,10,20,30,높음
기타,NW16,20,10,30,높음
기타,KF플랜지,30,10,40,높음
기타,CFFLANGE,20,< 10,25,높음
기타,흡착패드,430,1,310,1740,높음
기타,CF플랜지,20,< 10,25,높음
기타,KFFLANGE,10,10,20,높음
주변기기/부품,공압밸브,330,300,630,높음
기타,NW플랜지,30,< 10,35,높음
기타,NW50,50,10,60,높음
기타,NWFLANGE,30,10,40,높음
기타,MF플랜지,30,20,50,높음
주변기기/부품,진공배관자재,< 10,< 10,10,중간
진공펌프 일반,진공자재,< 10,< 10,10,중간
기타,힌지클램프,30,50,80,높음
기타,ISO플랜지,< 10,< 10,10,높음
기타,MFFLANGE,40,10,50,높음
기타,KF25,20,20,40,높음
주변기기/부품,진공체크밸브,30,20,50,높음
기타,NW63,< 10,< 10,10,높음
기타,락디바이스,20,30,50,중간
기타,메탈벨로우즈,20,10,30,높음
진공펌프 일반,진공후렌지,< 10,< 10,10,높음
기타,NW160,< 10,< 10,10,중간
기타,벨로우즈제작,10,< 10,15,높음
진공펌프 일반,진공센터링,10,10,20,중간
기타,분산제,100,110,210,높음
기타,NW클램프,10,10,20,높음
기타,용접벨로우즈,20,< 10,25,높음
기타,NW후렌지,10,< 10,15,높음
기타,LUBRICANT,500,960,1460,높음
진공펌프 일반,진공볼트,10,< 10,15,높음
주변기기/부품,벨로우즈배관,10,20,30,중간
기타,PV-200,10,< 10,15,높음
오일/소모품,VACUUMOIL,< 10,< 10,10,높음
오일/소모품,VACUUMPUMPOIL,10,< 10,15,높음
오일/소모품,고진공펌프오일,< 10,< 10,10,높음
오일/소모품,로터리펌프오일,10,10,20,높음
오일/소모품,에어컨진공펌프오일,20,60,80,높음
오일/소모품,우성진공펌프오일,< 10,< 10,10,높음
오일/소모품,펌프오일,30,50,80,높음
기타,PFPE,20,20,40,높음
기타,불소,1,210,4,930,6140,높음
오일/소모품,기계오일,30,70,100,높음
오일/소모품,크리버오일,< 10,< 10,10,높음
오일/소모품,로타리펌프오일,< 10,< 10,10,높음
기타,FOODLUBE,< 10,< 10,10,중간
기타,NSFH1,20,20,40,높음
기타,식용윤활유,10,50,60,높음
기타,푸드그레이드,10,30,40,중간
기타,식품용윤활유,40,20,60,높음
오일/소모품,식품등급오일,< 10,< 10,10,높음
기타,NSF,330,420,750,높음
기타,식품등급윤활유,< 10,< 10,10,높음
기타,식품등급구리스,< 10,< 10,10,높음
기타,삼피특수윤활,10,< 10,15,높음
오일/소모품,불소오일,< 10,< 10,10,높음
기타,LIONA,< 10,< 10,10,높음
기타,KRYTOX,40,20,60,중간
오일/소모품,확산펌프오일,< 10,< 10,10,낮음
오일/소모품,식품오일,< 10,40,45,높음
기타,COOLANT,410,1,840,2250,낮음
기타,FC40,< 10,10,15,높음
기타,난연성유압유,< 10,< 10,10,중간
오일/소모품,식용오일,30,90,120,높음
기타,LUBRIPLATE,10,< 10,15,높음
기타,식품윤활제,< 10,< 10,10,높음
오일/소모품,식품용콤프레샤오일,< 10,< 10,10,높음
기타,몰리코트구리스,10,10,20,높음
기타,식용그리스,40,70,110,중간
오일/소모품,고열오일,< 10,< 10,10,중간
기타,식품등급윤활제,< 10,< 10,10,높음
기타,체인윤활유,20,20,40,높음
오일/소모품,푸드오일,10,10,20,높음
기타,로콜,30,60,90,중간
기타,수성분산제,< 10,< 10,10,낮음
기타,안료분산제,< 10,< 10,10,높음
기타,식용구리스,300,730,1030,중간
기타,NSF인증,230,320,550,높음
기타,저온용구리스,< 10,< 10,10,높음
기타,친환경구리스,< 10,< 10,10,중간
오일/소모품,고온체인오일,< 10,< 10,10,높음
기타,LUBTECH,< 10,< 10,10,중간
기타,고열구리스,160,430,590,높음
기타,고온용구리스,30,40,70,높음
기타,KLUBER,50,30,80,중간
기타,시마루베,< 10,< 10,10,낮음
기타,TECHLUB,< 10,< 10,10,중간
기타,식품용구리스,120,110,230,중간
기타,고열그리스,40,100,140,높음
기타,고온그리스,20,50,70,높음
기타,연마제,690,2,430,3120,중간
기타,특수그리스,< 10,< 10,10,높음
기타,유화제,630,1,710,2340,높음
오일/소모품,고온오일,< 10,< 10,10,높음
기타,비이온성계면활성제,20,10,30,높음
기타,친환경계면활성제,< 10,10,15,높음
기타,ANTICORIT,< 10,< 10,10,중간
기타,ISOVG320,10,< 10,15,중간
기타,TURBOT32,< 10,< 10,10,높음
기타,모빌구리스,10,60,70,높음
기타,몰리나10,10,10,20,중간
기타,포밍유,< 10,< 10,10,낮음
기타,액상그리스,< 10,< 10,10,높음
기타,액체구리스,30,80,110,높음
기타,액체그리스,20,50,70,높음
기타,주름관구리스,10,70,80,중간
기타,주름관그리스,< 10,< 10,10,중간
진공펌프 일반,진공그리스,50,40,90,높음
기타,테프론파우더,< 10,< 10,10,중간
기타,실리콘잉곳,30,50,80,높음
기타,저온구리스,< 10,10,15,중간
기타,몰리화이트,< 10,10,15,높음
기타,EMRO,130,100,230,중간
기타,EVAPORUST,< 10,10,15,중간
기타,유류재고측정자,< 10,< 10,10,중간
주변기기/부품,유류탱크게이지,< 10,20,25,높음
기타,특수구리스,< 10,< 10,10,높음
기타,AFE-CA,40,10,50,높음
기타,DRYSURF,10,< 10,15,중간
기타,HP-300,20,10,30,높음
기타,KANTOKASEI,10,10,20,높음
기타,KRYTOXGPL205,10,< 10,15,높음
기타,LDC2577D,10,< 10,15,높음
기타,LG2GREASE,< 10,< 10,10,중간
기타,MULTEMP,< 10,< 10,10,높음
기타,NYELUBRICANTS,< 10,< 10,10,낮음
기타,SK-1A,< 10,< 10,10,중간
기타,UD-321,< 10,< 10,10,중간
기타,VIGOGREASERE0,10,< 10,15,중간
기타,관동화성,< 10,< 10,10,중간
기타,초고온구리스,< 10,< 10,10,높음
기타,크라이톡스,130,170,300,높음
진공펌프 일반,탱크로리펌프,< 10,20,25,높음
기타,LITHIUM,230,740,970,높음
기타,MORI,120,530,650,낮음
기타,ISOFLEXNBU15,20,< 10,25,높음
기타,고온용그리스,10,< 10,15,높음
기타,계면활성제,1,470,4,690,6160,높음
기타,고온윤활유,< 10,< 10,10,높음
진공펌프 일반,진공구리스,100,110,210,높음
기타,음이온계면활성제,50,90,140,높음
기타,루브리플레이트,< 10,< 10,10,중간
기타,쉘대리점,30,30,60,중간
기타,증주제,10,10,20,중간
기타,크루버,< 10,10,15,중간
기타,음이온성계면활성제,10,20,30,높음
기타,점증제,120,210,330,높음
기타,테크루브,10,< 10,15,높음
기타,MOLYKOTE,170,100,270,중간
기타,ROCOL,40,20,60,중간
기타,칸토카세이,40,30,70,높음
응용분야,진공함침,20,10,30,높음
기타,실리콘그리스,220,460,680,중간
기타,내열그리스,50,130,180,높음
기타,BARRIERTA,< 10,< 10,10,중간
기타,MOS2,110,200,310,중간
기타,HITALUBE280,< 10,< 10,10,중간
기타,샌드가루,< 10,< 10,10,높음
기타,SCI파우더,< 10,< 10,10,낮음
기타,소듐코코일이세티오네이트,60,110,170,중간
기타,COPPER,1,780,3,190,4970,중간
기타,불소그리스,20,10,30,높음
기타,몰리코트,210,240,450,중간
기타,THERMINOL66,< 10,< 10,10,높음
기타,비이온계면활성제,60,180,240,높음
기타,ABRASIVE,400,650,1050,높음
기타,소듐코코일이세치오네이트,10,< 10,15,높음
기타,듀폰코리아,530,850,1380,높음
진공펌프 일반,진공설비,10,< 10,15,높음
기타,AUTOGREASE,< 10,< 10,10,높음
기타,SAPPHIREPREMIER,< 10,< 10,10,중간
기타,모빌기어유,< 10,< 10,10,높음
펌프종류,스크롤진공펌프,< 10,< 10,10,높음
응용분야,연구용진공펌프,< 10,< 10,10,낮음
기타,초전도,200,490,690,높음
기타,CRYOGENIC,310,250,560,높음
기타,냉동기,520,840,1360,높음
기타,액화질소,330,960,1290,높음
기타,극저온냉동기,< 10,< 10,10,높음
기타,WALCOM,< 10,10,15,중간
기타,이와타LPH-80,10,< 10,15,중간
기타,이와타슈퍼노바,< 10,30,35,높음
기타,이탈코,< 10,10,15,낮음
기타,캔스프레이,20,40,60,높음
오일/소모품,에어오일흡입기,< 10,10,15,높음
기타,데빌비스DV1,< 10,20,25,중간
기타,사타스프레이건,10,80,90,높음
진공펌프 일반,소형급수펌프,10,< 10,15,중간
진공펌프 일반,압력펌프,40,100,140,높음
진공펌프 일반,기체펌프,< 10,< 10,10,높음
진공펌프 일반,로터리로브펌프,20,< 10,25,높음
기타,CRYOMECH,< 10,< 10,10,중간
구매/견적,질소발생기가격,< 10,10,15,높음
진공펌프 일반,수족관펌프,70,220,290,높음
기타,KAMOER,10,< 10,15,높음
진공펌프 일반,내화학성펌프,10,< 10,15,높음
기타,초전도케이블,70,310,380,중간
오일/소모품,오일프리콤프레샤,40,20,60,높음
펌프종류,다이아프램,510,780,1290,높음
진공펌프 일반,유량펌프,10,10,20,높음
진공펌프 일반,소형자동펌프,10,50,60,높음
진공펌프 일반,식용유펌프,10,40,50,중간
기타,ULTRAGRADE19,< 10,< 10,10,중간
응용분야,동결건조기진공펌프,< 10,< 10,10,낮음
오일/소모품,에드워드펌프오일,< 10,< 10,10,높음
진공펌프 일반,진공펌프소모품,< 10,< 10,10,높음
응용분야,코팅기진공펌프,< 10,< 10,10,낮음
문제/증상,진공펌프소음,< 10,< 10,10,높음
펌프종류,로터리베인펌프,20,10,30,중간
문제/증상,진공펌프과열,< 10,< 10,10,낮음
오일/소모품,진공펌프오일누유,< 10,< 10,10,높음
문제/증상,진공펌프진공안됨,< 10,< 10,10,낮음
구매/견적,진공펌프견적,< 10,< 10,10,낮음
문제/증상,진공펌프이물질,< 10,< 10,10,낮음
구매/견적,에드워드펌프가격,< 10,< 10,10,낮음
구매/견적,진공펌프구매,< 10,10,15,중간
